book,source_db,page_id,source_page_id,chapter
আল্লাহর দিকে আহবান,nobin,8219,1087,আহ্বান জ্ঞাপনের প্রস্তুতি গ্রহণ
আসহাবে রাসুলের জীবন কথা (১ম খণ্ড),tarun,5931,1890,ভূমিকা
আসহাবে রাসুলের জীবন কথা (১ম খণ্ড),tarun,5932,1891,ভূমিকা
আসহাবে রাসুলের জীবন কথা (১ম খণ্ড),tarun,5936,1895,ভূমিকা
আসহাবে রাসুলের জীবন কথা (১ম খণ্ড),tarun,5939,1898,খাদীজা বিনতু খুওয়াইলিদ (রা)
আসহাবে রাসুলের জীবন কথা (১ম খণ্ড),tarun,5948,1907,’উমার ইবনুল খাত্তাব (রা)
আসহাবে রাসুলের জীবন কথা (১ম খণ্ড),tarun,5953,1912,’উমার ইবনুল খাত্তাব (রা)
আসহাবে রাসুলের জীবন কথা (১ম খণ্ড),tarun,5965,1924,’আলী ইবন আবী তালিব (রা)
আসহাবে রাসুলের জীবন কথা (১ম খণ্ড),tarun,6019,1978,আবু উবাইদা ইবনুল জার্‌রাহ (রা)
আসহাবে রাসুলের জীবন কথা (১ম খণ্ড),tarun,6068,2027,আবদুল্লাহ ইবন আব্বাস (রা)
আসহাবে রাসূলের জীবন কথা (২য় খণ্ড),tarun,7474,4805,সুহাইব ইবন সিনান আর-রুমী (রা)
আসহাবে রাসূলের জীবন কথা (২য় খণ্ড),tarun,7504,4835,আবদুল্লাহ ইবন আমর ইবনিল আস (রা)
আসহাবে রাসূলের জীবন কথা (২য় খণ্ড),tarun,7551,4882,মুগীরা ইবন শু’বা (রা)
আসহাবে রাসূলের জীবন কথা (২য় খণ্ড),tarun,7583,4914,আবুল আস ইবন রাবী রা:
আসহাবে রাসূলের জীবন কথা (২য় খণ্ড),tarun,7665,4996,উমাইর ইবন আবী ওয়াককাস রা:
আসান ফেকাহ (১ম খণ্ড),tarun,6430,2389,তাহারাত অধ্যায়
আসান ফেকাহ (১ম খণ্ড),tarun,6461,2420,তাহারাত অধ্যায়
আসান ফেকাহ (১ম খণ্ড),tarun,6463,2422,তাহারাত অধ্যায়
আসান ফেকাহ (১ম খণ্ড),tarun,6464,2423,তাহারাত অধ্যায়
আসান ফেকাহ (১ম খণ্ড),tarun,6465,2424,তাহারাত অধ্যায়
আসান ফেকাহ (১ম খণ্ড),tarun,6477,2436,তাহারাত অধ্যায়
আসান ফেকাহ (১ম খণ্ড),tarun,6490,2449,তাহারাত অধ্যায়
আসান ফেকাহ (১ম খণ্ড),tarun,6491,2450,তাহারাত অধ্যায়
আসান ফেকাহ (১ম খণ্ড),tarun,6497,2456,নামাযের অধ্যায়
আসান ফেকাহ (১ম খণ্ড),tarun,6498,2457,নামাযের অধ্যায়
আসান ফেকাহ (১ম খণ্ড),tarun,6499,2458,নামাযের অধ্যায়
আসান ফেকাহ (১ম খণ্ড),tarun,6500,2459,নামাযের অধ্যায়
আসান ফেকাহ (১ম খণ্ড),tarun,6501,2460,নামাযের অধ্যায়
আসান ফেকাহ (১ম খণ্ড),tarun,6502,2461,নামাযের অধ্যায়
আসান ফেকাহ (১ম খণ্ড),tarun,6503,2462,নামাযের অধ্যায়
আসান ফেকাহ (১ম খণ্ড),tarun,6504,2463,নামাযের অধ্যায়
আসান ফেকাহ (১ম খণ্ড),tarun,6505,2464,নামাযের অধ্যায়
আসান ফেকাহ (১ম খণ্ড),tarun,6506,2465,নামাযের অধ্যায়
আসান ফেকাহ (১ম খণ্ড),tarun,6507,2466,নামাযের অধ্যায়
আসান ফেকাহ (১ম খণ্ড),tarun,6514,2473,নামাযের অধ্যায়
আসান ফেকাহ (১ম খণ্ড),tarun,6516,2475,নামাযের অধ্যায়
আসান ফেকাহ (১ম খণ্ড),tarun,6520,2479,নামাযের অধ্যায়
আসান ফেকাহ (১ম খণ্ড),tarun,6527,2486,নামাযের অধ্যায়
আসান ফেকাহ (১ম খণ্ড),tarun,6529,2488,নামাযের অধ্যায়
আসান ফেকাহ (১ম খণ্ড),tarun,6531,2490,নামাযের অধ্যায়
আসান ফেকাহ (১ম খণ্ড),tarun,6536,2495,নামাযের অধ্যায়
আসান ফেকাহ (১ম খণ্ড),tarun,6539,2498,নামাযের অধ্যায়
আসান ফেকাহ (১ম খণ্ড),tarun,6541,2500,নামাযের অধ্যায়
আসান ফেকাহ (১ম খণ্ড),tarun,6543,2502,নামাযের অধ্যায়
আসান ফেকাহ (১ম খণ্ড),tarun,6544,2503,নামাযের অধ্যায়
আসান ফেকাহ (১ম খণ্ড),tarun,6545,2504,নামাযের অধ্যায়
আসান ফেকাহ (১ম খণ্ড),tarun,6547,2506,নামাযের অধ্যায়
আসান ফেকাহ (১ম খণ্ড),tarun,6559,2518,নামাযের অধ্যায়
আসান ফেকাহ (১ম খণ্ড),tarun,6568,2527,নামাযের অধ্যায়
আসান ফেকাহ (১ম খণ্ড),tarun,6572,2531,নামাযের অধ্যায়
আসান ফেকাহ (১ম খণ্ড),tarun,6574,2533,নামাযের অধ্যায়
আসান ফেকাহ (১ম খণ্ড),tarun,6578,2537,নামাযের অধ্যায়
আসান ফেকাহ (১ম খণ্ড),tarun,6579,2538,নামাযের অধ্যায়
আসান ফেকাহ (১ম খণ্ড),tarun,6582,2541,নামাযের অধ্যায়
আসান ফেকাহ (১ম খণ্ড),tarun,6584,2543,নামাযের অধ্যায়
আসান ফেকাহ (১ম খণ্ড),tarun,6585,2544,নামাযের অধ্যায়
আসান ফেকাহ (১ম খণ্ড),tarun,6587,2546,নামাযের অধ্যায়
আসান ফেকাহ (১ম খণ্ড),tarun,6588,2547,নামাযের অধ্যায়
আসান ফেকাহ (১ম খণ্ড),tarun,6589,2548,নামাযের অধ্যায়
আসান ফেকাহ (১ম খণ্ড),tarun,6590,2549,নামাযের অধ্যায়
আসান ফেকাহ (১ম খণ্ড),tarun,6614,2573,নামাযের অধ্যায়
আসান ফেকাহ (১ম খণ্ড),tarun,6620,2579,নামাযের অধ্যায়
আসান ফেকাহ (১ম খণ্ড),tarun,6621,2580,নামাযের অধ্যায়
ইকামাতে দ্বীন,tarun,5131,954,“ইকামাতে দ্বীনের” মর্ম
ইকামাতে দ্বীন,tarun,5134,957,“ইকামাতে দ্বীনের” মর্ম
ইকামাতে দ্বীন,tarun,5160,983,“ইকামাতে দ্বীনের” মর্ম
ইকামাতে দ্বীন,tarun,5166,989,“ইকামাতে দ্বীনের” মর্ম
ইসলামী আন্দোলন ও সংগঠন,tarun,7181,3144,আল্লাহর পথে অর্থ ব্যয়
ইসলামী রাষ্ট্র ব্যবস্থা,tarun,7288,3251,ভূমিকা
ইসলামী রাষ্ট্র ব্যবস্থা,tarun,7334,3297,ব্যক্তি স্বাধীনতা ও মৌলিক অধিকার
ইসলামের রাজনৈতিক মতবাদ,tarun,5460,1283,‘রব’ এর অর্থ
ইসলামের স্বর্ণ যুগে সামাজিক ন্যায়-নীতি,tarun,7370,4701,ইসলামের মূল প্রাণশক্তি
ইসলামের স্বর্ণ যুগে সামাজিক ন্যায়-নীতি,tarun,7403,4734,বিজিত দেশসমূহের সাথে ব্যবহার
ঈমানের হাকীকত,tarun,6921,2880,মুসলমান হবার জন্য জ্ঞানের আবশ্যকতা
ঈমানের হাকীকত,nobin,7938,585,মুসলমান হবার জন্য জ্ঞানের আবশ্যকতা
কারাগারে রাতদিন,tarun,6167,2126,প্রথম অধ্যায়
কারাগারে রাতদিন,tarun,6169,2128,প্রথম অধ্যায়
কারাগারে রাতদিন,tarun,6343,2302,পঞ্চম অধ্যায়
কুরআন বুঝা সহজ,tarun,4485,234,ভূমিকা
কুরআন বুঝা সহজ,tarun,4486,235,ভূমিকা
কুরআন বুঝা সহজ,tarun,4523,272,কুরআনের শিক্ষাকে জনগণের মধ্যে ব্যাপক করার উপায়
কুরআন বুঝা সহজ,tarun,4524,273,কুরআনের শিক্ষাকে জনগণের মধ্যে ব্যাপক করার উপায়
কুরআন বুঝা সহজ,tarun,4525,274,দারসে কুরআনের পদ্ধতি
চরিত্র গঠনের মৌলিক উপাদান,tarun,4863,612,আল্লাহর সাথে যথাযথ সম্পর্ক
তাওহীদ রিসালাত ও আখিরাত,tarun,4994,817,বিবেকের বিচারে মুহাম্মদ (স) -এর নবুয়াত
তাফহীমুল কুরআন,tarun,4280,29,সূরা আত তাওবা
তাফহীমুল কুরআন,tarun,4294,43,সূরা আত তাওবা
তাফহীমুল কুরআন,tarun,4303,52,সূরা আত তাওবা
তাফহীমুল কুরআন,tarun,4323,72,সূরা আত তাওবা
তাফহীমুল কুরআন,tarun,4348,97,সূরা আল মুমিনুন (১ম রুকু)
তাফহীমুল কুরআন,tarun,4350,99,সূরা আল মুমিনুন (১ম রুকু)
তাফহীমুল কুরআন,tarun,4353,102,সূরা আল মুমিনুন (১ম রুকু)
তাফহীমুল কুরআন,tarun,4363,112,সূরা আন নূর (২৭-৩০)
তাফহীমুল কুরআন,tarun,4374,123,সূরা আল ফুরকান (শেষ রুকু)
তাফহীমুল কুরআন,tarun,4403,152,সূরা আল হুজুরাত (১ম রুকু)
তাফহীমুল কুরআন,tarun,4412,161,সূরা আল ওয়াকিয়া
তাফহীমুল কুরআন,tarun,4413,162,সূরা আল ওয়াকিয়া
তাফহীমুল কুরআন,tarun,4419,168,সূরা আল ওয়াকিয়া
তাফহীমুল কুরআন,tarun,4447,196,সূরা আল মুদ্দাসসির (১-৭)
তাফহীমুল কুরআন,tarun,4473,222,সূরা আল আলাক
তাফহীমুল কুরআন,tarun,4478,227,সূরা আল আলাক
তাফহীমুল কুরআন,tarun,4481,230,সূরা আল আসর
তাফহীমুল কুরআন,tarun,4484,233,সূরা আল আসর
তাফহীমুল কুরআন,nobin,7690,230,সূরা আসর
তাফহীমুল কুরআন,nobin,7693,233,সূরা আসর
নামাজ-রোজার হাকীকত,tarun,6960,2919,ইবাদাত
নামাজ-রোজার হাকীকত,tarun,6961,2920,ইবাদাত
নামাজ-রোজার হাকীকত,tarun,6979,2938,নামাযে কি পড়েন
নামাজ-রোজার হাকীকত,nobin,7977,624,ইবাদাত
নামাজ-রোজার হাকীকত,nobin,7978,625,ইবাদাত
নামাজ-রোজার হাকীকত,nobin,7996,643,নামাযে কি পড়েন
"বাইবেল, কুরআন ও বিজ্ঞান",tarun,6625,2584,প্রকাশকের কথা
"বাইবেল, কুরআন ও বিজ্ঞান",tarun,6632,2591,ভুমিকা
"বাইবেল, কুরআন ও বিজ্ঞান",tarun,6722,2681,কুরআন ও আধুনিক বিজ্ঞান
"বাইবেল, কুরআন ও বিজ্ঞান",tarun,6723,2682,কুরআন ও আধুনিক বিজ্ঞান
"বাইবেল, কুরআন ও বিজ্ঞান",tarun,6724,2683,কুরআন ও আধুনিক বিজ্ঞান
"বাইবেল, কুরআন ও বিজ্ঞান",tarun,6727,2686,কুরআন ও আধুনিক বিজ্ঞান
"বাইবেল, কুরআন ও বিজ্ঞান",tarun,6728,2687,কুরআন ও আধুনিক বিজ্ঞান
"বাইবেল, কুরআন ও বিজ্ঞান",tarun,6738,2697,কুরআন ও আধুনিক বিজ্ঞান
"বাইবেল, কুরআন ও বিজ্ঞান",tarun,6740,2699,কুরআন ও আধুনিক বিজ্ঞান
"বাইবেল, কুরআন ও বিজ্ঞান",tarun,6741,2700,কুরআন ও আধুনিক বিজ্ঞান
"বাইবেল, কুরআন ও বিজ্ঞান",tarun,6743,2702,কুরআন ও আধুনিক বিজ্ঞান
"বাইবেল, কুরআন ও বিজ্ঞান",tarun,6745,2704,কুরআন ও আধুনিক বিজ্ঞান
"বাইবেল, কুরআন ও বিজ্ঞান",tarun,6746,2705,কুরআন ও আধুনিক বিজ্ঞান
"বাইবেল, কুরআন ও বিজ্ঞান",tarun,6761,2720,কুরআন ও আধুনিক বিজ্ঞান
"বাইবেল, কুরআন ও বিজ্ঞান",tarun,6763,2722,কুরআন ও আধুনিক বিজ্ঞান
"বাইবেল, কুরআন ও বিজ্ঞান",tarun,6765,2724,কুরআন ও আধুনিক বিজ্ঞান
"বাইবেল, কুরআন ও বিজ্ঞান",tarun,6770,2729,কুরআন ও আধুনিক বিজ্ঞান
"বাইবেল, কুরআন ও বিজ্ঞান",tarun,6773,2732,কুরআন ও আধুনিক বিজ্ঞান
"বাইবেল, কুরআন ও বিজ্ঞান",tarun,6775,2734,কুরআন ও আধুনিক বিজ্ঞান
"বাইবেল, কুরআন ও বিজ্ঞান",tarun,6777,2736,কুরআন ও আধুনিক বিজ্ঞান
"বাইবেল, কুরআন ও বিজ্ঞান",tarun,6778,2737,কুরআন ও আধুনিক বিজ্ঞান
"বাইবেল, কুরআন ও বিজ্ঞান",tarun,6779,2738,কুরআন ও আধুনিক বিজ্ঞান
"বাইবেল, কুরআন ও বিজ্ঞান",tarun,6781,2740,কুরআন ও আধুনিক বিজ্ঞান
"বাইবেল, কুরআন ও বিজ্ঞান",tarun,6793,2752,কুরআন ও আধুনিক বিজ্ঞান
"বাইবেল, কুরআন ও বিজ্ঞান",tarun,6802,2761,কুরআন ও আধুনিক বিজ্ঞান
"বাইবেল, কুরআন ও বিজ্ঞান",tarun,6806,2765,কুরআন ও আধুনিক বিজ্ঞান
"বাইবেল, কুরআন ও বিজ্ঞান",tarun,6808,2767,কুরআন ও আধুনিক বিজ্ঞান
"বাইবেল, কুরআন ও বিজ্ঞান",tarun,6812,2771,কুরআন ও আধুনিক বিজ্ঞান
"বাইবেল, কুরআন ও বিজ্ঞান",tarun,6813,2772,কুরআন ও আধুনিক বিজ্ঞান
"বাইবেল, কুরআন ও বিজ্ঞান",tarun,6816,2775,কুরআন ও আধুনিক বিজ্ঞান
"বাইবেল, কুরআন ও বিজ্ঞান",tarun,6818,2777,কুরআন ও আধুনিক বিজ্ঞান
"বাইবেল, কুরআন ও বিজ্ঞান",tarun,6819,2778,কুরআন ও আধুনিক বিজ্ঞান
"বাইবেল, কুরআন ও বিজ্ঞান",tarun,6821,2780,কুরআন ও আধুনিক বিজ্ঞান
"বাইবেল, কুরআন ও বিজ্ঞান",tarun,6822,2781,কুরআন ও আধুনিক বিজ্ঞান
"বাইবেল, কুরআন ও বিজ্ঞান",tarun,6823,2782,কুরআন ও আধুনিক বিজ্ঞান
"বাইবেল, কুরআন ও বিজ্ঞান",tarun,6824,2783,কুরআন ও আধুনিক বিজ্ঞান
"বাইবেল, কুরআন ও বিজ্ঞান",tarun,6848,2807,কুরআন ও আধুনিক বিজ্ঞান
"বাইবেল, কুরআন ও বিজ্ঞান",tarun,6854,2813,কুরআন ও আধুনিক বিজ্ঞান
"বাইবেল, কুরআন ও বিজ্ঞান",tarun,6855,2814,কুরআন ও আধুনিক বিজ্ঞান
মজবুত ঈমান,tarun,4928,751,ঈমান মানে কী?
মজবুত ঈমান,tarun,4934,757,ইসলামে ঈমান সম্পর্কিত বিষয় কী কী?
মজবুত ঈমান,tarun,4939,762,মযবুত ঈমানের শর্ত কী কী?
মজবুত ঈমান,tarun,4953,776,মযবুত ঈমানের শর্ত কী কী?
মজবুত ঈমান,tarun,4956,779,মযবুত ঈমানের শর্ত কী কী?
মজবুত ঈমান,tarun,4962,785,মযবুত ঈমানের শর্ত কী কী?
মজবুত ঈমান,tarun,4963,786,মযবুত ঈমানের শর্ত কী কী?
মনটাকে কাজ দিন,nobin,8246,1114,ভূমিকা
মহাগ্রন্থ আল-কোরআন কি ও কেন?,tarun,4548,297,কোরআনের ঐশী গ্রন্থ হওয়ার কয়েকটি অকাট্য প্রমাণ
মহাগ্রন্থ আল-কোরআন কি ও কেন?,tarun,4550,299,কোরআনের ঐশী গ্রন্থ হওয়ার কয়েকটি অকাট্য প্রমাণ
মহাগ্রন্থ আল-কোরআন কি ও কেন?,tarun,4551,300,কোরআনের ঐশী গ্রন্থ হওয়ার কয়েকটি অকাট্য প্রমাণ
মহাগ্রন্থ আল-কোরআন কি ও কেন?,tarun,4576,325,কোরআনের ঐশী গ্রন্থ হওয়ার কয়েকটি অকাট্য প্রমাণ
মহাগ্রন্থ আল-কোরআন কি ও কেন?,tarun,4579,328,কোরআন রসূলের সর্বশ্রেষ্ঠ মোজেযা
মহাগ্রন্থ আল-কোরআন কি ও কেন?,tarun,4583,332,কোরআনের পঠন পদ্ধতির সংস্কার
মহাগ্রন্থ আল-কোরআন কি ও কেন?,tarun,4593,342,"কোরআনে কখন জের, জবর, পেশ সংযুক্ত করা হয়"
মহাগ্রন্থ আল-কোরআন কি ও কেন?,tarun,4594,343,পবিত্র কোরআন সম্পর্কে কতিপয় স্মরণীয় দিন তারিখ
মহাগ্রন্থ আল-কোরআন কি ও কেন?,tarun,4596,345,কোরআন সম্পর্কে কয়েকজন খ্যাতনামা অমুসলিম পণ্ডিতদের উক্তি
মহাগ্রন্থ আল-কোরআন কি ও কেন?,tarun,4597,346,কোরআন সম্পর্কে কয়েকজন খ্যাতনামা অমুসলিম পণ্ডিতদের উক্তি
মৃত্যু যবনিকার ওপারে,tarun,7103,3066,জান্নাতবাসীদের পরম সৌভাগ্য
মৃত্যু যবনিকার ওপারে,tarun,7111,3074,জান্নাতবাসীদের পরম সৌভাগ্য
মোরা বড় হতে চাই,nobin,8303,1171,কে সবচেয়ে বড়?
মোরা বড় হতে চাই,nobin,8308,1176,কে সবচেয়ে বড়?
মোরা বড় হতে চাই,nobin,8309,1177,কে সবচেয়ে বড়?
রাসূলুল্লাহর বিপ্লবী জীবন,tarun,5780,1603,ইসলামী আন্দোলন ও তার অনন্য বৈশিষ্ট্য
রাসূলুল্লাহর বিপ্লবী জীবন,tarun,5783,1606,জন্ম ও বাল্যকাল
রাসূলুল্লাহর বিপ্লবী জীবন,tarun,5871,1694,ওহুদের বিপর্যয়ের পর
রাসূলুল্লাহর বিপ্লবী জীবন,tarun,5876,1699,খন্দকের যুদ্ধ
রাহে আমল (১ম খণ্ড),nobin,7713,254,গ্রন্থকারের ভূমিকা
রাহে আমল (১ম খণ্ড),nobin,7714,255,গ্রন্থকারের ভূমিকা
রাহে আমল (১ম খণ্ড),nobin,7732,273,হাদীস সংকলনের ইতিহাস
রাহে আমল (১ম খণ্ড),nobin,7737,278,হাদীস সংকলনের ইতিহাস
রাহে আমল (১ম খণ্ড),nobin,7741,282,নিয়তের বিশুদ্ধতা
রাহে আমল (১ম খণ্ড),nobin,7742,283,নিয়তের বিশুদ্ধতা
রাহে আমল (১ম খণ্ড),nobin,7743,284,নিয়তের বিশুদ্ধতা
রাহে আমল (১ম খণ্ড),nobin,7746,287,ঈমানিয়াত
রাহে আমল (১ম খণ্ড),nobin,7749,290,ঈমানিয়াত
রাহে আমল (১ম খণ্ড),nobin,7750,291,ঈমানিয়াত
রাহে আমল (১ম খণ্ড),nobin,7751,292,ঈমানিয়াত
রাহে আমল (১ম খণ্ড),nobin,7752,293,ঈমানিয়াত
রাহে আমল (১ম খণ্ড),nobin,7753,294,ঈমানিয়াত
রাহে আমল (১ম খণ্ড),nobin,7754,295,ঈমানিয়াত
রাহে আমল (১ম খণ্ড),nobin,7756,297,ঈমানিয়াত
রাহে আমল (১ম খণ্ড),nobin,7757,298,ঈমানিয়াত
রাহে আমল (১ম খণ্ড),nobin,7758,299,ঈমানিয়াত
রাহে আমল (১ম খণ্ড),nobin,7759,300,ঈমানিয়াত
রাহে আমল (১ম খণ্ড),nobin,7761,302,ঈমানিয়াত
রাহে আমল (১ম খণ্ড),nobin,7762,303,ঈমানিয়াত
রাহে আমল (১ম খণ্ড),nobin,7763,304,ঈমানিয়াত
রাহে আমল (১ম খণ্ড),nobin,7764,305,ঈমানিয়াত
রাহে আমল (১ম খণ্ড),nobin,7765,306,ঈমানিয়াত
রাহে আমল (১ম খণ্ড),nobin,7766,307,ঈমানিয়াত
রাহে আমল (১ম খণ্ড),nobin,7767,308,ঈমানিয়াত
রাহে আমল (১ম খণ্ড),nobin,7768,309,ঈমানিয়াত
রাহে আমল (১ম খণ্ড),nobin,7769,310,ঈমানিয়াত
রাহে আমল (১ম খণ্ড),nobin,7770,311,ঈমানিয়াত
রাহে আমল (১ম খণ্ড),nobin,7771,312,ঈমানিয়াত
রাহে আমল (১ম খণ্ড),nobin,7773,314,ঈমানিয়াত
রাহে আমল (১ম খণ্ড),nobin,7774,315,ঈমানিয়াত
রাহে আমল (১ম খণ্ড),nobin,7775,316,ঈমানিয়াত
রাহে আমল (১ম খণ্ড),nobin,7776,317,ঈমানিয়াত
রাহে আমল (১ম খণ্ড),nobin,7777,318,ঈমানিয়াত
রাহে আমল (১ম খণ্ড),nobin,7778,319,ঈমানিয়াত
রাহে আমল (১ম খণ্ড),nobin,7779,320,ঈমানিয়াত
রাহে আমল (১ম খণ্ড),nobin,7780,321,ঈমানিয়াত
রাহে আমল (১ম খণ্ড),nobin,7782,323,এবাদত
রাহে আমল (১ম খণ্ড),nobin,7783,324,এবাদত
রাহে আমল (১ম খণ্ড),nobin,7784,325,এবাদত
রাহে আমল (১ম খণ্ড),nobin,7785,326,এবাদত
রাহে আমল (১ম খণ্ড),nobin,7786,327,এবাদত
রাহে আমল (১ম খণ্ড),nobin,7787,328,এবাদত
রাহে আমল (১ম খণ্ড),nobin,7788,329,এবাদত
রাহে আমল (১ম খণ্ড),nobin,7789,330,এবাদত
রাহে আমল (১ম খণ্ড),nobin,7790,331,এবাদত
রাহে আমল (১ম খণ্ড),nobin,7791,332,এবাদত
রাহে আমল (১ম খণ্ড),nobin,7792,333,এবাদত
রাহে আমল (১ম খণ্ড),nobin,7793,334,ইমামতি
রাহে আমল (১ম খণ্ড),nobin,7794,335,ইমামতি
রাহে আমল (১ম খণ্ড),nobin,7795,336,ইমামতি
রাহে আমল (১ম খণ্ড),nobin,7796,337,ইমামতি
রাহে আমল (১ম খণ্ড),nobin,7798,339,"যাকাত, ছদকায়ে ফেতের, ওশর"
রাহে আমল (১ম খণ্ড),nobin,7799,340,"যাকাত, ছদকায়ে ফেতের, ওশর"
রাহে আমল (১ম খণ্ড),nobin,7800,341,"যাকাত, ছদকায়ে ফেতের, ওশর"
রাহে আমল (১ম খণ্ড),nobin,7801,342,রোযা
রাহে আমল (১ম খণ্ড),nobin,7802,343,রোযা
রাহে আমল (১ম খণ্ড),nobin,7803,344,রোযা
রাহে আমল (১ম খণ্ড),nobin,7804,345,রোযা
রাহে আমল (১ম খণ্ড),nobin,7805,346,রোযা
রাহে আমল (১ম খণ্ড),nobin,7806,347,রোযা
রাহে আমল (১ম খণ্ড),nobin,7807,348,রোযা
রাহে আমল (১ম খণ্ড),nobin,7808,349,রোযা
রাহে আমল (১ম খণ্ড),nobin,7809,350,রোযা
রাহে আমল (১ম খণ্ড),nobin,7810,351,হজ্জ
রাহে আমল (১ম খণ্ড),nobin,7811,352,হজ্জ
রাহে আমল (১ম খণ্ড),nobin,7812,353,হজ্জ
রাহে আমল (১ম খণ্ড),nobin,7813,354,মোয়ামালাত (লেনদেন)
রাহে আমল (১ম খণ্ড),nobin,7814,355,মোয়ামালাত (লেনদেন)
রাহে আমল (১ম খণ্ড),nobin,7815,356,মোয়ামালাত (লেনদেন)
রাহে আমল (১ম খণ্ড),nobin,7816,357,মোয়ামালাত (লেনদেন)
রাহে আমল (১ম খণ্ড),nobin,7817,358,ব্যবসায় –বাণিজ্য
রাহে আমল (১ম খণ্ড),nobin,7818,359,ব্যবসায় –বাণিজ্য
রাহে আমল (১ম খণ্ড),nobin,7819,360,ব্যবসায় –বাণিজ্য
রাহে আমল (১ম খণ্ড),nobin,7820,361,ব্যবসায় –বাণিজ্য
রাহে আমল (১ম খণ্ড),nobin,7821,362,ব্যবসায় –বাণিজ্য
রাহে আমল (১ম খণ্ড),nobin,7822,363,ব্যবসায় –বাণিজ্য
রাহে আমল (১ম খণ্ড),nobin,7823,364,ধার-কর্জ
রাহে আমল (১ম খণ্ড),nobin,7824,365,ধার-কর্জ
রাহে আমল (১ম খণ্ড),nobin,7825,366,ধার-কর্জ
রাহে আমল (১ম খণ্ড),nobin,7826,367,ধার-কর্জ
রাহে আমল (১ম খণ্ড),nobin,7827,368,ধার-কর্জ
রাহে আমল (১ম খণ্ড),nobin,7828,369,ধার-কর্জ
রাহে আমল (১ম খণ্ড),nobin,7829,370,ধার-কর্জ
রাহে আমল (১ম খণ্ড),nobin,7830,371,ধার-কর্জ
রাহে আমল (১ম খণ্ড),nobin,7831,372,ধার-কর্জ
রাহে আমল (১ম খণ্ড),nobin,7832,373,অবৈধ ওসিয়ত
রাহে আমল (১ম খণ্ড),nobin,7834,375,অবৈধ ওসিয়ত
রাহে আমল (১ম খণ্ড),nobin,7835,376,সুদ ও ঘুষ
রাহে আমল (১ম খণ্ড),nobin,7836,377,সুদ ও ঘুষ
রাহে আমল (১ম খণ্ড),nobin,7837,378,সুদ ও ঘুষ
রাহে আমল (১ম খণ্ড),nobin,7838,379,সুদ ও ঘুষ
রাহে আমল (১ম খণ্ড),nobin,7839,380,সামাজিক বিধান
রাহে আমল (১ম খণ্ড),nobin,7840,381,সামাজিক বিধান
রাহে আমল (১ম খণ্ড),nobin,7841,382,সামাজিক বিধান
রাহে আমল (১ম খণ্ড),nobin,7842,383,সামাজিক বিধান
রাহে আমল (১ম খণ্ড),nobin,7843,384,সামাজিক বিধান
রাহে আমল (১ম খণ্ড),nobin,7844,385,সামাজিক বিধান
রাহে আমল (১ম খণ্ড),nobin,7845,386,সামাজিক বিধান
রাহে আমল (১ম খণ্ড),nobin,7846,387,পিতামাতা ও আত্নীয় স্বজনের অধিকার
রাহে আমল (১ম খণ্ড),nobin,7847,388,পিতামাতা ও আত্নীয় স্বজনের অধিকার
রাহে আমল (১ম খণ্ড),nobin,7848,389,পিতামাতা ও আত্নীয় স্বজনের অধিকার
রাহে আমল (১ম খণ্ড),nobin,7849,390,পিতামাতা ও আত্নীয় স্বজনের অধিকার
রাহে আমল (১ম খণ্ড),nobin,7850,391,পিতামাতা ও আত্নীয় স্বজনের অধিকার
রাহে আমল (১ম খণ্ড),nobin,7851,392,স্বামী স্ত্রীর অধিকার
রাহে আমল (১ম খণ্ড),nobin,7852,393,স্বামী স্ত্রীর অধিকার
রাহে আমল (১ম খণ্ড),nobin,7853,394,স্বামী স্ত্রীর অধিকার
রাহে আমল (১ম খণ্ড),nobin,7854,395,স্বামী স্ত্রীর অধিকার
রাহে আমল (১ম খণ্ড),nobin,7855,396,স্বামী স্ত্রীর অধিকার
রাহে আমল (১ম খণ্ড),nobin,7856,397,স্বামী স্ত্রীর অধিকার
রাহে আমল (১ম খণ্ড),nobin,7857,398,স্বামী স্ত্রীর অধিকার
রাহে আমল (১ম খণ্ড),nobin,7858,399,স্বামী স্ত্রীর অধিকার
রাহে আমল (১ম খণ্ড),nobin,7859,400,স্বামী স্ত্রীর অধিকার
রাহে আমল (১ম খণ্ড),nobin,7860,401,স্বামী স্ত্রীর অধিকার
রাহে আমল (১ম খণ্ড),nobin,7861,402,সন্তানদের অধিকার
রাহে আমল (১ম খণ্ড),nobin,7862,403,সন্তানদের অধিকার
রাহে আমল (১ম খণ্ড),nobin,7863,404,সন্তানদের অধিকার
রাহে আমল (১ম খণ্ড),nobin,7864,405,সন্তানদের অধিকার
রাহে আমল (১ম খণ্ড),nobin,7865,406,সন্তানদের অধিকার
রাহে আমল (১ম খণ্ড),nobin,7866,407,সন্তানদের অধিকার
রাহে আমল (১ম খণ্ড),nobin,7867,408,সন্তানদের অধিকার
রাহে আমল (১ম খণ্ড),nobin,7868,409,এতীমের হক বা অধিকার
রাহে আমল (১ম খণ্ড),nobin,7869,410,এতীমের হক বা অধিকার
রাহে আমল (১ম খণ্ড),nobin,7870,411,এতীমের হক বা অধিকার
রাহে আমল (১ম খণ্ড),nobin,7871,412,অতিথির অধিকার
রাহে আমল (১ম খণ্ড),nobin,7872,413,প্রতিবেশীর অধিকার
রাহে আমল (১ম খণ্ড),nobin,7873,414,প্রতিবেশীর অধিকার
রাহে আমল (১ম খণ্ড),nobin,7874,415,প্রতিবেশীর অধিকার
রাহে আমল (১ম খণ্ড),nobin,7875,416,প্রতিবেশীর অধিকার
রাহে আমল (১ম খণ্ড),nobin,7876,417,প্রতিবেশীর অধিকার
রাহে আমল (১ম খণ্ড),nobin,7877,418,দরিদ্র লোকদের অধিকার
রাহে আমল (১ম খণ্ড),nobin,7878,419,দরিদ্র লোকদের অধিকার
রাহে আমল (১ম খণ্ড),nobin,7879,420,দরিদ্র লোকদের অধিকার
রাহে আমল (১ম খণ্ড),nobin,7880,421,দরিদ্র লোকদের অধিকার
রাহে আমল (১ম খণ্ড),nobin,7881,422,দরিদ্র লোকদের অধিকার
রাহে আমল (১ম খণ্ড),nobin,7882,423,দরিদ্র লোকদের অধিকার
রাহে আমল (১ম খণ্ড),nobin,7883,424,সফরের সহযাত্রীর অধিকার
রাহে আমল (১ম খণ্ড),nobin,7884,425,সফরের সহযাত্রীর অধিকার
রাহে আমল (১ম খণ্ড),nobin,7885,426,সফরের সহযাত্রীর অধিকার
রাহে আমল (১ম খণ্ড),nobin,7886,427,রোগীর দেখাশুনা ও পরিচর্যা
রাহে আমল (১ম খণ্ড),nobin,7887,428,রোগীর দেখাশুনা ও পরিচর্যা
রাহে আমল (২য় খণ্ড),tarun,4614,363,এক মুসলমানের উপর আরেক মুসলমানের অধিকার অধ্যায়
রাহে আমল (২য় খণ্ড),tarun,4623,372,চারিত্রিক দোষত্রুটি অধ্যায়
রাহে আমল (২য় খণ্ড),tarun,4632,381,চারিত্রিক দোষত্রুটি অধ্যায়
রাহে আমল (২য় খণ্ড),tarun,4638,387,চারিত্রিক দোষত্রুটি অধ্যায়
রাহে আমল (২য় খণ্ড),tarun,4654,403,চারিত্রিক দোষত্রুটি অধ্যায়
রাহে আমল (২য় খণ্ড),tarun,4670,419,চারিত্রিক দোষত্রুটি অধ্যায়
রাহে আমল (২য় খণ্ড),tarun,4679,428,চারিত্রিক দোষত্রুটি অধ্যায়
রাহে আমল (২য় খণ্ড),tarun,4693,442,চারিত্রিক দোষত্রুটি অধ্যায়
রাহে আমল (২য় খণ্ড),tarun,4696,445,চারিত্রিক দোষত্রুটি অধ্যায়
রাহে আমল (২য় খণ্ড),tarun,4702,451,চারিত্রিক দোষত্রুটি অধ্যায়
শিক্ষাব্যবস্থার ইসলামী রূপরেখা,tarun,7175,3138,ইসলামে জ্ঞানের উৎস
শিক্ষা সাহিত্য সংস্কৃতি,tarun,5235,1058,শিক্ষা
শিক্ষা সাহিত্য সংস্কৃতি,tarun,5236,1059,শিক্ষা
শিক্ষা সাহিত্য সংস্কৃতি,tarun,5285,1108,শিক্ষা
শিক্ষা সাহিত্য সংস্কৃতি,tarun,5307,1130,সাহিত্য
শিক্ষা সাহিত্য সংস্কৃতি,tarun,5312,1135,সাহিত্য
শিক্ষা সাহিত্য সংস্কৃতি,tarun,5358,1181,সংস্কৃতি
শিক্ষা সাহিত্য সংস্কৃতি,tarun,5359,1182,সংস্কৃতি
শিক্ষা সাহিত্য সংস্কৃতি,tarun,5377,1200,সংস্কৃতি
হজ্জের হাকীকত,tarun,5051,874,হজ্জের গোড়ার কথা
হজ্জের হাকীকত,tarun,5082,905,হজ্জের বিশ্ব সম্মেলন
হাদীসের পরিচয়,tarun,4711,460,হাদীস
হাদীসের পরিচয়,tarun,4715,464,হাদীস শাস্ত্রের কতিপয় পরিভাষা
হাদীসের পরিচয়,tarun,4720,469,হাদীসের কিতাবের স্তর
হাদীসের পরিচয়,tarun,4728,477,হাদীসে কুদসী
